Date,Sentiment
2012-07-16,0.0
2012-07-19,0.0
2012-07-23,0.0
2012-07-24,0.0
2012-07-27,0.0
2012-07-30,-1.0
2012-07-31,0.5
2012-08-02,0.3333333333333333
2012-08-07,0.0
2012-08-10,1.0
2012-08-14,0.5
2012-08-15,0.0
2012-08-16,0.0
2012-08-17,-1.0
2012-08-21,0.3333333333333333
2012-08-22,-0.5
2012-08-23,1.0
2012-08-27,0.0
2012-08-28,0.3333333333333333
2012-08-30,0.0
2012-09-05,-0.5
2012-09-06,-1.0
2012-09-12,1.0
2012-09-13,0.0
2012-09-17,0.0
2012-09-20,0.0
2012-09-24,0.5
2012-09-25,0.0
2012-09-26,1.0
2012-09-28,1.0
2012-10-02,-0.5
2012-10-03,1.0
2012-10-04,0.0
2012-10-05,0.0
2012-10-08,0.25
2012-10-09,0.0
2012-10-10,-0.5
2012-10-11,0.0
2012-10-12,0.0
2012-10-15,0.0
2012-10-16,0.0
2012-10-18,0.0
2012-10-19,0.0
2012-10-22,0.0
2012-10-23,-0.16666666666666666
2012-10-24,-0.3333333333333333
2012-10-25,-0.25
2012-10-26,0.25
2012-10-31,0.0
2012-11-02,0.6666666666666666
2012-11-05,0.5
2012-11-06,-0.6666666666666666
2012-11-07,0.0
2012-11-08,0.0
2012-11-09,0.3333333333333333
2012-11-12,0.0
2012-11-13,-1.0
2012-11-14,0.0
2012-11-15,-0.5
2012-11-16,0.0
2012-11-19,0.5
2012-11-20,0.14285714285714285
2012-11-21,0.0
2012-11-23,-1.0
2012-11-26,-0.3333333333333333
2012-11-27,-0.25
2012-11-28,0.0
2012-11-30,0.0
2012-12-04,0.0
2012-12-05,0.5
2012-12-06,-0.25
2012-12-07,0.5
2012-12-10,0.4
2012-12-11,-0.3333333333333333
2012-12-12,0.6666666666666666
2012-12-17,0.25
2012-12-18,-0.25
2012-12-19,0.3333333333333333
2012-12-20,0.0
2012-12-24,0.0
2012-12-26,0.0
2012-12-27,0.0
2012-12-28,0.0
2012-12-31,0.3333333333333333
2013-01-03,0.0
2013-01-04,0.0
2013-01-07,0.0
2013-01-08,0.0
2013-01-14,-0.5
2013-01-15,-0.2857142857142857
2013-01-16,-1.0
2013-01-17,0.5
2013-01-22,-0.2
2013-01-23,0.1
2013-01-24,-0.3333333333333333
2013-01-25,-0.25
2013-01-28,0.5
2013-01-30,1.0
2013-02-01,1.0
2013-02-04,0.0
2013-02-05,0.0
2013-02-06,0.3333333333333333
2013-02-08,0.3333333333333333
2013-02-11,-0.5
2013-02-12,0.5
2013-02-13,-0.4
2013-02-19,0.0
2013-02-25,0.0
2013-02-26,1.0
2013-02-27,0.0
2013-02-28,1.0
2013-03-01,1.0
2013-03-04,0.0
2013-03-05,0.5
2013-03-06,-0.25
2013-03-07,-1.0
2013-03-08,0.0
2013-03-11,0.0
2013-03-12,0.6666666666666666
2013-03-13,0.0
2013-03-14,0.0
2013-03-19,0.0
2013-03-20,0.0
2013-03-25,-0.5
2013-03-27,-1.0
2013-03-28,-1.0
2013-04-01,0.5
2013-04-02,0.5
2013-04-03,0.0
2013-04-04,0.0
2013-04-08,0.5
2013-04-09,0.0
2013-04-10,0.0
2013-04-11,0.6666666666666666
2013-04-17,-1.0
2013-04-18,0.25
2013-04-19,0.3333333333333333
2013-04-22,-0.6666666666666666
2013-04-23,-0.5
2013-04-24,0.0
2013-04-25,-0.3333333333333333
2013-04-26,0.0
2013-04-29,-0.5
2013-04-30,0.6666666666666666
2013-05-01,0.0
2013-05-02,-1.0
2013-05-03,0.0
2013-05-06,0.0
2013-05-07,0.0
2013-05-08,0.0
2013-05-09,0.0
2013-05-14,0.0
2013-05-15,-0.5
2013-05-16,0.0
2013-05-20,1.0
2013-05-22,0.0
2013-05-23,0.0
2013-05-28,0.5
2013-05-29,1.0
2013-05-30,0.0
2013-05-31,0.0
2013-06-03,0.0
2013-06-05,-1.0
2013-06-06,0.5
2013-06-07,1.0
2013-06-11,0.5
2013-06-13,0.5
2013-06-21,-0.5
2013-06-25,-0.25
2013-06-26,1.0
2013-06-27,0.0
2013-07-01,1.0
2013-07-02,0.0
2013-07-08,0.0
2013-07-09,0.5
2013-07-10,1.0
2013-07-11,0.0
2013-07-16,0.0
2013-07-17,0.0
2013-07-18,-1.0
2013-07-22,-0.5
2013-07-23,0.0
2013-07-24,0.25
2013-07-25,0.16666666666666666
2013-07-26,0.0
2013-07-29,1.0
2013-07-30,-1.0
2013-07-31,1.0
2013-08-01,0.5
2013-08-02,0.0
2013-08-05,1.0
2013-08-06,0.0
2013-08-07,-1.0
2013-08-09,-1.0
2013-08-13,-0.3333333333333333
2013-08-14,0.14285714285714285
2013-08-15,-0.5
2013-08-19,-1.0
2013-08-20,0.25
2013-08-21,-0.3333333333333333
2013-08-22,0.0
2013-08-27,0.0
2013-08-28,-1.0
2013-08-29,1.0
2013-09-04,0.0
2013-09-05,1.0
2013-09-09,0.0
2013-09-10,0.3333333333333333
2013-09-11,-0.6666666666666666
2013-09-12,1.0
2013-09-16,-1.0
2013-09-17,0.375
2013-09-19,0.0
2013-09-20,1.0
2013-09-23,0.6666666666666666
2013-09-24,0.25
2013-09-25,0.0
2013-09-26,0.0
2013-10-02,0.5
2013-10-03,0.0
2013-10-04,0.0
2013-10-07,0.0
2013-10-08,0.0
2013-10-09,0.0
2013-10-10,0.6666666666666666
2013-10-14,0.0
2013-10-16,-1.0
2013-10-17,0.0
2013-10-18,0.0
2013-10-22,0.0
2013-10-23,-0.5
2013-10-24,0.0
2013-10-25,0.0
2013-10-28,-0.16666666666666666
2013-10-29,-0.3333333333333333
2013-10-30,0.2
2013-11-01,-1.0
2013-11-04,0.0
2013-11-05,0.0
2013-11-06,0.0
2013-11-07,0.0
2013-11-08,0.0
2013-11-11,0.0
2013-11-12,-1.0
2013-11-13,-0.3333333333333333
2013-11-14,0.0
2013-11-19,0.0
2013-11-20,0.0
2013-11-21,0.0
2013-11-22,0.0
2013-11-25,0.0
2013-11-26,0.0
2013-11-27,0.5
2013-11-29,0.3333333333333333
2013-12-03,0.0
2013-12-05,1.0
2013-12-09,0.0
2013-12-10,-0.3333333333333333
2013-12-11,0.0
2013-12-12,-1.0
2013-12-13,0.5
2013-12-16,0.0
2013-12-17,0.0
2013-12-18,0.0
2013-12-20,0.0
2013-12-23,0.6666666666666666
2013-12-24,1.0
2013-12-30,0.0
2013-12-31,-1.0
2014-01-02,0.0
2014-01-03,0.0
2014-01-07,0.0
2014-01-09,0.0
2014-01-10,0.0
2014-01-13,0.0
2014-01-15,0.0
2014-01-16,0.0
2014-01-22,-1.0
2014-01-23,0.25
2014-01-27,0.5
2014-01-28,0.0
2014-01-29,0.16666666666666666
2014-01-30,-1.0
2014-01-31,-1.0
2014-02-03,1.0
2014-02-04,0.5
2014-02-05,0.0
2014-02-07,-1.0
2014-02-10,0.75
2014-02-11,0.0
2014-02-12,1.0
2014-02-13,-1.0
2014-02-14,1.0
2014-02-18,1.0
2014-02-19,0.0
2014-02-20,0.0
2014-02-21,1.0
2014-02-24,0.0
2014-02-25,0.0
2014-02-27,0.0
2014-03-05,1.0
2014-03-06,0.5
2014-03-10,-0.5
2014-03-11,1.0
2014-03-18,0.5
2014-03-19,-0.5
2014-03-24,0.5
2014-03-25,0.5
2014-03-26,0.0
2014-03-27,0.0
2014-03-28,0.0
2014-03-31,0.0
2014-04-02,0.0
2014-04-03,0.0
2014-04-04,0.0
2014-04-07,0.0
2014-04-08,0.0
2014-04-09,0.0
2014-04-14,0.0
2014-04-17,0.0
2014-04-22,0.5
2014-04-23,-0.25
2014-04-24,-0.07692307692307693
2014-04-25,-0.25
2014-04-28,0.0
2014-04-30,1.0
2014-05-05,-0.3333333333333333
2014-05-08,1.0
2014-05-09,-0.3333333333333333
2014-05-12,0.5
2014-05-15,0.0
2014-05-16,-0.5
2014-05-19,-1.0
2014-05-20,0.0
2014-05-21,0.0
2014-05-22,-0.5
2014-05-23,0.6666666666666666
2014-05-28,0.0
2014-05-29,0.0
2014-05-30,0.5
2014-06-02,0.0
2014-06-03,-0.75
2014-06-05,0.0
2014-06-06,0.0
2014-06-09,0.16666666666666666
2014-06-10,0.0
2014-06-12,0.5
2014-06-13,1.0
2014-06-16,0.0
2014-06-19,0.0
2014-06-20,0.5
2014-06-23,0.0
2014-06-24,0.0
2014-06-25,0.0
2014-06-27,0.5
2014-07-01,0.0
2014-07-03,0.6
2014-07-07,0.0
2014-07-08,-0.3333333333333333
2014-07-09,-0.6666666666666666
2014-07-10,0.2
2014-07-11,-0.3333333333333333
2014-07-14,0.3333333333333333
2014-07-15,1.0
2014-07-16,-0.6
2014-07-17,0.5
2014-07-18,0.0
2014-07-21,-0.5
2014-07-22,-0.5714285714285714
2014-07-23,0.125
2014-07-24,0.16666666666666666
2014-07-25,0.5
2014-07-28,0.0
2014-07-29,0.5
2014-07-30,0.5
2014-07-31,0.0
2014-08-01,0.5
2014-08-05,-0.6
2014-08-06,0.5
2014-08-11,1.0
2014-08-13,0.6666666666666666
2014-08-14,1.0
2014-08-15,0.0
2014-08-19,0.5
2014-08-20,1.0
2014-08-21,0.0
2014-08-22,-1.0
2014-08-26,0.0
2014-08-27,-1.0
2014-08-28,0.0
2014-08-29,0.25
2014-09-03,0.5
2014-09-04,-0.125
2014-09-05,-0.42857142857142855
2014-09-08,0.5
2014-09-09,0.0
2014-09-10,-0.25
2014-09-11,0.6666666666666666
2014-09-12,0.0
2014-09-15,0.25
2014-09-16,0.0
2014-09-17,0.4
2014-09-18,0.2
2014-09-19,-0.3333333333333333
2014-09-22,-1.0
2014-09-23,0.0
2014-09-24,0.16666666666666666
2014-09-25,0.75
2014-09-26,-0.5
2014-09-29,0.0
2014-09-30,0.6
2014-10-01,-0.3333333333333333
2014-10-02,-0.5
2014-10-03,1.0
2014-10-06,-0.25
2014-10-07,0.3333333333333333
2014-10-08,0.16666666666666666
2014-10-09,0.5714285714285714
2014-10-10,0.25
2014-10-13,0.0
2014-10-14,0.0
2014-10-15,1.0
2014-10-16,-0.25
2014-10-20,0.2
2014-10-21,-0.1
2014-10-22,0.8333333333333334
2014-10-23,0.0
2014-10-24,0.0
2014-10-27,0.0
2014-10-28,-0.5
2014-10-29,0.3333333333333333
2014-10-30,0.6
2014-10-31,0.0
2014-11-03,0.25
2014-11-04,-0.3333333333333333
2014-11-05,0.0
2014-11-06,0.3333333333333333
2014-11-07,1.0
2014-11-10,-0.75
2014-11-11,0.2
2014-11-12,0.0
2014-11-13,0.25
2014-11-14,-0.16666666666666666
2014-11-17,0.0
2014-11-18,0.6666666666666666
2014-11-19,0.0
2014-11-20,0.8
2014-11-21,1.0
2014-11-24,0.0
2014-11-25,0.0
2014-11-26,0.0
2014-11-28,-0.6666666666666666
2014-12-01,0.2
2014-12-02,-0.2
2014-12-03,0.0
2014-12-04,-0.3333333333333333
2014-12-05,-1.0
2014-12-08,-1.0
2014-12-09,-0.5
2014-12-10,-0.25
2014-12-11,0.0
2014-12-12,0.3333333333333333
2014-12-15,0.3333333333333333
2014-12-16,0.4
2014-12-17,-0.2
2014-12-18,0.8
2014-12-19,-0.5
2014-12-22,1.0
2014-12-23,0.2
2014-12-24,0.0
2014-12-26,-0.5
2014-12-29,0.3333333333333333
2014-12-30,0.0
2014-12-31,0.0
2015-01-02,0.0
2015-01-05,0.0
2015-01-06,0.3333333333333333
2015-01-07,-0.5
2015-01-08,0.0
2015-01-09,0.0
2015-01-12,0.0
2015-01-13,0.0
2015-01-14,-0.6666666666666666
2015-01-15,0.5
2015-01-16,0.0
2015-01-20,-0.5
2015-01-21,0.2
2015-01-22,0.0
2015-01-23,0.5
2015-01-26,0.2
2015-01-27,0.3125
2015-01-28,-0.07692307692307693
2015-01-29,0.5
2015-01-30,0.0
2015-02-02,0.4
2015-02-03,0.0
2015-02-04,-0.3333333333333333
2015-02-05,0.7142857142857143
2015-02-09,0.0
2015-02-10,0.0
2015-02-11,0.1111111111111111
2015-02-12,0.16666666666666666
2015-02-13,0.5
2015-02-17,0.3333333333333333
2015-02-18,-0.25
2015-02-19,0.2
2015-02-20,0.0
2015-02-23,0.3333333333333333
2015-02-24,0.3333333333333333
2015-02-25,0.2
2015-02-26,0.375
2015-02-27,-0.1
2015-03-02,-0.14285714285714285
2015-03-03,0.0
2015-03-04,-0.14285714285714285
2015-03-05,-0.3333333333333333
2015-03-06,-0.16666666666666666
2015-03-09,0.36363636363636365
2015-03-10,-0.1111111111111111
2015-03-11,0.0
2015-03-12,0.5
2015-03-13,0.0
2015-03-16,0.375
2015-03-17,-0.1
2015-03-18,0.0
2015-03-19,-0.2
2015-03-20,0.0
2015-03-23,0.4444444444444444
2015-03-24,0.0
2015-03-25,0.0
2015-03-26,-0.2222222222222222
2015-03-27,0.3333333333333333
2015-03-30,0.75
2015-03-31,-0.125
2015-04-01,0.6666666666666666
2015-04-02,0.3
2015-04-06,-0.5
2015-04-07,0.14285714285714285
2015-04-08,0.2
2015-04-09,0.6666666666666666
2015-04-10,0.0
2015-04-13,0.0
2015-04-14,0.0
2015-04-15,0.25
2015-04-16,-0.3333333333333333
2015-04-17,0.0
2015-04-20,0.5
2015-04-21,0.8333333333333334
2015-04-22,0.0
2015-04-23,0.4
2015-04-24,-0.5
2015-04-27,0.29411764705882354
2015-04-28,0.5625
2015-04-29,0.16666666666666666
2015-04-30,0.0
2015-05-01,0.14285714285714285
2015-05-04,0.16666666666666666
2015-05-05,-0.5
2015-05-06,0.0
2015-05-07,0.3333333333333333
2015-05-08,0.5
2015-05-11,0.0
2015-05-12,-0.2
2015-05-13,0.5
2015-05-14,0.0
2015-05-15,0.25
2015-05-18,0.25
2015-05-19,0.25
2015-05-20,0.3333333333333333
2015-05-21,-0.5
2015-05-22,0.5
2015-05-26,0.0
2015-05-27,0.0
2015-05-28,-0.14285714285714285
2015-05-29,0.0
2015-06-01,0.0
2015-06-02,0.5
2015-06-03,-0.5
2015-06-04,0.0
2015-06-05,-0.3333333333333333
2015-06-08,0.0
2015-06-09,0.75
2015-06-10,-0.1
2015-06-11,0.14285714285714285
2015-06-12,0.0
2015-06-15,0.0
2015-06-17,0.0
2015-06-18,-0.6666666666666666
2015-06-19,0.5
2015-06-23,0.0
2015-06-24,0.2
2015-06-25,0.3333333333333333
2015-06-26,0.75
2015-06-29,0.75
2015-06-30,0.1111111111111111
2015-07-01,0.25
2015-07-02,0.25
2015-07-06,0.0
2015-07-07,0.75
2015-07-08,0.2
2015-07-09,0.2
2015-07-10,0.2857142857142857
2015-07-13,0.5
2015-07-14,-0.25
2015-07-15,-1.0
2015-07-16,0.375
2015-07-17,0.3333333333333333
2015-07-20,0.0
2015-07-21,0.09090909090909091
2015-07-22,0.0
2015-07-23,-0.13333333333333333
2015-07-24,0.3333333333333333
2015-07-27,0.3333333333333333
2015-07-28,-0.6666666666666666
2015-07-29,0.3333333333333333
2015-07-30,0.2222222222222222
2015-07-31,0.5
2015-08-03,-0.3333333333333333
2015-08-04,0.0
2015-08-05,0.09090909090909091
2015-08-06,0.0
2015-08-07,-0.3333333333333333
2015-08-10,0.0
2015-08-11,-0.3333333333333333
2015-08-12,-0.3
2015-08-13,0.21428571428571427
2015-08-14,0.5
2015-08-17,0.5
2015-08-18,0.3333333333333333
2015-08-19,-0.6666666666666666
2015-08-20,0.2
2015-08-21,-0.2857142857142857
2015-08-24,0.0
2015-08-25,0.0
2015-08-26,-0.25
2015-08-27,0.2
2015-08-28,-0.5
2015-08-31,-0.3333333333333333
2015-09-01,0.0
2015-09-02,0.0
2015-09-03,0.0
2015-09-04,0.0
2015-09-08,0.3333333333333333
2015-09-09,0.0
2015-09-10,-0.5833333333333334
2015-09-11,-0.3333333333333333
2015-09-14,-0.25
2015-09-15,0.25
2015-09-16,-0.16666666666666666
2015-09-17,0.3333333333333333
2015-09-18,-0.75
2015-09-21,-0.5
2015-09-22,0.1
2015-09-23,0.0
2015-09-24,0.0
2015-09-25,0.6666666666666666
2015-09-28,0.0
2015-09-29,0.0
2015-09-30,-0.375
2015-10-01,0.0
2015-10-02,0.0
2015-10-05,0.25
2015-10-06,-0.25
2015-10-07,0.8
2015-10-08,0.2
2015-10-09,1.0
2015-10-12,0.0
2015-10-13,-0.3333333333333333
2015-10-14,-0.6666666666666666
2015-10-15,-1.0
2015-10-16,-1.0
2015-10-19,-0.3333333333333333
2015-10-20,0.2857142857142857
2015-10-21,-0.25
2015-10-22,0.4
2015-10-23,0.0
2015-10-26,0.0
2015-10-27,0.05263157894736842
2015-10-28,0.25
2015-10-29,0.6666666666666666
2015-10-30,-0.3333333333333333
2015-11-02,0.0
2015-11-03,0.6666666666666666
2015-11-04,0.5
2015-11-05,0.6666666666666666
2015-11-09,-0.25
2015-11-10,0.0
2015-11-11,0.18181818181818182
2015-11-12,-0.3333333333333333
2015-11-13,-1.0
2015-11-16,0.25
2015-11-17,0.5
2015-11-18,-0.2222222222222222
2015-11-19,0.25
2015-11-20,0.0
2015-11-23,0.0
2015-11-24,-0.6666666666666666
2015-11-25,0.3333333333333333
2015-11-27,1.0
2015-11-30,-0.3333333333333333
2015-12-01,0.25
2015-12-02,0.0
2015-12-03,-1.0
2015-12-07,0.3333333333333333
2015-12-08,0.0
2015-12-09,0.0
2015-12-10,-0.6666666666666666
2015-12-11,-1.0
2015-12-14,0.16666666666666666
2015-12-15,0.6666666666666666
2015-12-16,0.3333333333333333
2015-12-17,-0.4
2015-12-18,0.3333333333333333
2015-12-21,-0.125
2015-12-22,-0.6666666666666666
2015-12-23,1.0
2015-12-28,-1.0
2015-12-29,0.3333333333333333
2015-12-30,0.5
2015-12-31,-0.6666666666666666
2016-01-04,-1.0
2016-01-05,0.1111111111111111
2016-01-06,0.09090909090909091
2016-01-07,0.0
2016-01-08,-0.42857142857142855
2016-01-11,0.0
2016-01-12,-0.3333333333333333
2016-01-13,0.0
2016-01-14,-0.2
2016-01-15,-1.0
2016-01-19,1.0
2016-01-20,0.14285714285714285
2016-01-21,0.0
2016-01-22,0.0
2016-01-25,0.2
2016-01-26,0.05555555555555555
2016-01-27,0.18181818181818182
2016-01-28,0.09090909090909091
2016-01-29,-0.3333333333333333
2016-02-01,0.2857142857142857
2016-02-02,0.2
2016-02-03,-0.5
2016-02-04,0.5
2016-02-05,0.0
2016-02-08,-0.2
2016-02-09,-1.0
2016-02-10,0.3333333333333333
2016-02-11,0.16666666666666666
2016-02-12,0.0
2016-02-16,0.0
2016-02-17,0.25
2016-02-18,-0.2
2016-02-19,0.5
2016-02-22,0.5
2016-02-23,-0.1111111111111111
2016-02-24,0.25
2016-02-25,-0.5
2016-02-26,0.25
2016-02-29,-0.16666666666666666
2016-03-01,0.0
2016-03-02,-0.14285714285714285
2016-03-03,-0.6666666666666666
2016-03-04,1.0
2016-03-07,0.8
2016-03-08,-0.3333333333333333
2016-03-09,-0.3333333333333333
2016-03-10,-0.16666666666666666
2016-03-11,0.0
2016-03-14,-0.5
2016-03-15,0.0
2016-03-16,0.25
2016-03-17,0.0
2016-03-18,-0.3333333333333333
2016-03-21,0.375
2016-03-22,-0.375
2016-03-23,-0.5
2016-03-28,0.0
2016-03-29,0.0
2016-03-30,0.07692307692307693
2016-03-31,0.375
2016-04-01,0.0
2016-04-04,-0.5
2016-04-05,-0.4
2016-04-06,0.0
2016-04-07,0.8
2016-04-08,-0.3333333333333333
2016-04-11,0.0
2016-04-12,1.0
2016-04-13,-0.2
2016-04-14,0.0
2016-04-15,0.0
2016-04-18,0.0
2016-04-19,0.0
2016-04-20,-0.4
2016-04-21,0.0
2016-04-22,0.2857142857142857
2016-04-25,0.5
2016-04-26,0.23076923076923078
2016-04-27,0.17142857142857143
2016-04-28,0.0
2016-04-29,-0.29411764705882354
2016-05-02,0.2
2016-05-03,0.0
2016-05-04,-0.21428571428571427
2016-05-05,-0.16666666666666666
2016-05-06,0.0
2016-05-09,0.42857142857142855
2016-05-10,0.5
2016-05-11,0.42857142857142855
2016-05-12,-0.45454545454545453
2016-05-13,-0.058823529411764705
2016-05-16,0.11764705882352941
2016-05-17,0.32
2016-05-18,0.3333333333333333
2016-05-19,0.2222222222222222
2016-05-20,0.0
2016-05-23,0.0
2016-05-24,0.0
2016-05-25,0.36363636363636365
2016-05-26,0.0
2016-05-27,0.0
2016-05-31,0.5
2016-06-01,0.16666666666666666
2016-06-02,0.2857142857142857
2016-06-03,0.25
2016-06-06,0.5
2016-06-07,0.14285714285714285
2016-06-08,0.14285714285714285
2016-06-09,0.4444444444444444
2016-06-10,0.6
2016-06-13,0.16666666666666666
2016-06-14,0.42857142857142855
2016-06-15,0.0
2016-06-16,0.2222222222222222
2016-06-17,0.125
2016-06-20,-0.0625
2016-06-21,-0.25
2016-06-22,0.3
2016-06-23,0.0
2016-06-24,0.2
2016-06-27,0.0
2016-06-28,-0.3333333333333333
2016-06-29,0.0
2016-06-30,0.2727272727272727
2016-07-01,-0.6
2016-07-05,0.125
2016-07-06,0.3333333333333333
2016-07-07,0.42857142857142855
2016-07-08,0.5
2016-07-11,0.5
2016-07-12,0.4
2016-07-13,0.25
2016-07-14,0.3333333333333333
2016-07-15,-0.4
2016-07-18,-0.1
2016-07-19,0.2857142857142857
2016-07-20,0.1111111111111111
2016-07-21,-0.25
2016-07-22,0.0
2016-07-25,-0.1111111111111111
2016-07-26,0.0
2016-07-27,0.047619047619047616
2016-07-28,0.07142857142857142
2016-07-29,0.2
2016-08-01,0.2222222222222222
2016-08-02,0.0
2016-08-03,0.0
2016-08-04,0.0
2016-08-05,0.0
2016-08-08,-0.3333333333333333
2016-08-09,-0.09090909090909091
2016-08-10,0.3333333333333333
2016-08-11,0.0
2016-08-12,-0.5
2016-08-15,0.5
2016-08-16,0.09090909090909091
2016-08-17,-0.6666666666666666
2016-08-18,0.4
2016-08-19,0.2
2016-08-22,0.0
2016-08-23,0.36363636363636365
2016-08-24,0.5
2016-08-25,0.0
2016-08-26,0.0
2016-08-29,0.1
2016-08-30,0.16666666666666666
2016-08-31,0.0
2016-09-01,-0.6666666666666666
2016-09-02,0.0
2016-09-06,0.07692307692307693
2016-09-07,0.28
2016-09-08,0.16666666666666666
2016-09-09,-0.09090909090909091
2016-09-12,-0.3333333333333333
2016-09-13,0.07692307692307693
2016-09-14,-0.3076923076923077
2016-09-15,0.11764705882352941
2016-09-16,0.3333333333333333
2016-09-19,0.14285714285714285
2016-09-20,0.2
2016-09-21,0.25
2016-09-22,0.36363636363636365
2016-09-23,0.1
2016-09-26,0.0
2016-09-27,0.5
2016-09-28,0.1
2016-09-29,-0.15384615384615385
2016-09-30,0.0
2016-10-03,0.25
2016-10-04,0.25
2016-10-05,0.0
2016-10-06,0.1111111111111111
2016-10-07,0.5
2016-10-10,0.13333333333333333
2016-10-11,-0.4
2016-10-12,0.3333333333333333
2016-10-13,0.6666666666666666
2016-10-14,0.25
2016-10-18,0.6666666666666666
2016-10-19,0.14285714285714285
2016-10-20,0.5
2016-10-21,0.6
2016-10-24,0.42857142857142855
2016-10-25,0.16129032258064516
2016-10-26,-0.043478260869565216
2016-10-27,-0.058823529411764705
2016-10-28,0.4444444444444444
2016-10-31,-0.2
2016-11-01,0.0
2016-11-02,1.0
2016-11-03,0.07692307692307693
2016-11-04,0.2
2016-11-07,0.1
2016-11-08,0.3333333333333333
2016-11-09,-0.16666666666666666
2016-11-10,0.0625
2016-11-11,0.25
2016-11-14,0.0
2016-11-15,-0.14285714285714285
2016-11-16,0.3
2016-11-17,0.0
2016-11-18,0.125
2016-11-21,0.6666666666666666
2016-11-22,-0.2
2016-11-23,-0.25
2016-11-25,1.0
2016-11-28,0.5714285714285714
2016-11-29,-0.16666666666666666
2016-11-30,0.125
2016-12-01,-1.0
2016-12-02,0.125
2016-12-05,0.25
2016-12-06,0.2857142857142857
2016-12-07,0.3333333333333333
2016-12-08,0.6666666666666666
2016-12-09,0.2857142857142857
2016-12-12,-1.0
2016-12-13,-0.1111111111111111
2016-12-14,-0.2
2016-12-15,0.5
2016-12-16,0.0
2016-12-19,-0.4
2016-12-20,-0.16666666666666666
2016-12-21,0.2
2016-12-22,-0.6666666666666666
2016-12-23,0.6666666666666666
2016-12-27,0.5
2016-12-28,0.0
2016-12-30,-0.3333333333333333
2017-01-03,1.0
2017-01-04,0.0
2017-01-05,0.125
2017-01-06,0.0
2017-01-09,-0.3333333333333333
2017-01-10,0.0
2017-01-11,0.25
2017-01-12,0.0
2017-01-13,-1.0
2017-01-17,0.25
2017-01-18,0.25
2017-01-19,0.16666666666666666
2017-01-20,1.0
2017-01-23,0.14285714285714285
2017-01-24,-0.3333333333333333
2017-01-25,0.0
2017-01-26,0.375
2017-01-27,0.0
2017-01-30,-0.2
2017-01-31,0.06666666666666667
2017-02-01,0.3888888888888889
2017-02-02,0.3333333333333333
2017-02-03,0.25
2017-02-06,0.0
2017-02-07,-0.2
2017-02-08,0.0
2017-02-09,0.3333333333333333
2017-02-13,0.5
2017-02-14,0.25
2017-02-15,-0.25
2017-02-16,0.0
2017-02-17,-0.25
2017-02-21,0.0
2017-02-22,1.0
2017-02-23,0.0
2017-02-24,1.0
2017-02-27,-0.16666666666666666
2017-02-28,0.0
2017-03-01,0.6666666666666666
2017-03-02,0.0
2017-03-03,0.0
2017-03-06,0.5
2017-03-07,1.0
2017-03-08,0.0
2017-03-09,0.3333333333333333
2017-03-10,0.5
2017-03-13,0.0
2017-03-14,0.0
2017-03-15,0.2
2017-03-16,0.0
2017-03-17,-0.3333333333333333
2017-03-20,-0.25
2017-03-21,0.25
2017-03-22,-0.2
2017-03-23,-1.0
2017-03-24,0.0
2017-03-27,0.5
2017-03-28,0.3333333333333333
2017-03-29,0.42857142857142855
2017-03-30,0.3333333333333333
2017-03-31,0.4
2017-04-03,0.13043478260869565
2017-04-04,0.25
2017-04-05,0.0
2017-04-06,0.3333333333333333
2017-04-07,0.5
2017-04-10,0.2
2017-04-11,0.48148148148148145
2017-04-12,0.0
2017-04-13,0.3333333333333333
2017-04-17,0.5555555555555556
2017-04-18,0.4
2017-04-19,-0.16666666666666666
2017-04-20,0.25
2017-04-21,0.2916666666666667
2017-04-24,0.3269230769230769
2017-04-25,0.10526315789473684
2017-04-26,0.5
2017-04-27,0.3333333333333333
2017-04-28,-0.21428571428571427
2017-05-01,0.15384615384615385
2017-05-02,0.08333333333333333
2017-05-03,-0.07894736842105263
2017-05-04,-0.06666666666666667
2017-05-05,-0.043478260869565216
2017-05-08,0.0
2017-05-09,0.09090909090909091
2017-05-10,0.3181818181818182
2017-05-11,-0.05263157894736842
2017-05-12,0.08333333333333333
2017-05-15,0.7
2017-05-16,0.16666666666666666
2017-05-17,0.0
2017-05-18,-0.3684210526315789
2017-05-19,0.0
2017-05-22,0.4444444444444444
2017-05-23,0.43478260869565216
2017-05-24,-0.2857142857142857
2017-05-25,-0.3333333333333333
2017-05-26,0.3333333333333333
2017-05-30,0.3829787234042553
2017-05-31,0.45454545454545453
2017-06-01,0.2727272727272727
2017-06-02,0.125
2017-06-05,0.13793103448275862
2017-06-06,0.0625
2017-06-07,0.1111111111111111
2017-06-08,0.3611111111111111
2017-06-09,0.3157894736842105
2017-06-12,0.12162162162162163
2017-06-13,0.02631578947368421
2017-06-14,0.25
2017-06-15,0.25
2017-06-16,0.4375
2017-06-19,0.35714285714285715
2017-06-20,0.19047619047619047
2017-06-21,0.3157894736842105
2017-06-22,0.0
2017-06-23,-0.3333333333333333
2017-06-26,0.35
2017-06-27,-0.08333333333333333
2017-06-28,0.0625
2017-06-29,0.5
2017-06-30,0.0
2017-07-03,0.2857142857142857
2017-07-05,0.15384615384615385
2017-07-06,0.2222222222222222
2017-07-07,0.14285714285714285
2017-07-10,0.36666666666666664
2017-07-11,0.4672897196261682
2017-07-12,0.38372093023255816
2017-07-13,0.45
2017-07-14,0.2631578947368421
2017-07-17,0.06666666666666667
2017-07-18,0.0
2017-07-19,0.23529411764705882
2017-07-20,0.3
2017-07-21,-0.16666666666666666
2017-07-24,0.3333333333333333
2017-07-25,0.15
2017-07-26,0.06666666666666667
2017-07-27,0.06666666666666667
2017-07-28,-0.125
2017-07-31,0.0
2017-08-01,0.25
2017-08-02,0.21212121212121213
2017-08-03,0.21739130434782608
2017-08-04,0.3333333333333333
2017-08-07,0.08333333333333333
2017-08-08,-0.4166666666666667
2017-08-09,0.2727272727272727
2017-08-10,-0.375
2017-08-11,0.3333333333333333
2017-08-14,0.25
2017-08-15,0.0
2017-08-16,-0.1111111111111111
2017-08-17,0.0
2017-08-18,0.0
2017-08-21,0.45454545454545453
2017-08-22,0.25
2017-08-23,0.07692307692307693
2017-08-24,0.46153846153846156
2017-08-25,0.5555555555555556
2017-08-28,0.2727272727272727
2017-08-29,0.13333333333333333
2017-08-30,0.16666666666666666
2017-08-31,0.2982456140350877
2017-09-01,0.43636363636363634
2017-09-05,0.5
2017-09-06,0.2
2017-09-07,0.32608695652173914
2017-09-08,0.36764705882352944
2017-09-11,0.3157894736842105
2017-09-12,0.39325842696629215
2017-09-13,0.3148148148148148
2017-09-14,-0.05
2017-09-15,0.15384615384615385
2017-09-18,0.2857142857142857
2017-09-19,0.2894736842105263
2017-09-20,0.35714285714285715
2017-09-21,0.05
2017-09-22,0.38461538461538464
2017-09-25,-0.1111111111111111
2017-09-26,0.041666666666666664
2017-09-27,0.3108108108108108
2017-09-28,0.2962962962962963
2017-09-29,0.0
2017-10-02,0.0
2017-10-03,0.6
2017-10-04,0.07692307692307693
2017-10-05,0.23076923076923078
2017-10-06,0.09090909090909091
2017-10-09,0.3333333333333333
2017-10-10,0.7857142857142857
2017-10-11,0.16666666666666666
2017-10-12,0.45454545454545453
2017-10-13,0.2
2017-10-16,0.2857142857142857
2017-10-17,0.35714285714285715
2017-10-18,0.0
2017-10-19,0.0
2017-10-20,0.14285714285714285
2017-10-23,0.4444444444444444
2017-10-24,0.0
2017-10-25,0.2
2017-10-26,0.3333333333333333
2017-10-27,0.625
2017-10-30,0.11538461538461539
2017-10-31,0.1282051282051282
2017-11-01,0.27631578947368424
2017-11-02,0.13793103448275862
2017-11-03,0.36363636363636365
2017-11-06,0.23076923076923078
2017-11-07,-0.0625
2017-11-08,0.16666666666666666
2017-11-09,0.375
2017-11-10,0.1875
2017-11-13,-0.125
2017-11-14,-0.16666666666666666
2017-11-15,0.2777777777777778
2017-11-16,0.26666666666666666
2017-11-17,0.0
2017-11-20,-0.4
2017-11-21,0.21052631578947367
2017-11-22,0.15384615384615385
2017-11-24,0.15384615384615385
2017-11-27,0.16666666666666666
2017-11-28,0.35714285714285715
2017-11-29,0.2777777777777778
2017-11-30,0.4
2017-12-01,-0.14285714285714285
2017-12-04,0.0
2017-12-05,0.2857142857142857
2017-12-06,0.42857142857142855
2017-12-07,0.2
2017-12-08,0.125
2017-12-11,0.2535211267605634
2017-12-12,0.45161290322580644
2017-12-13,0.2631578947368421
2017-12-14,0.5263157894736842
2017-12-15,-0.5
2017-12-18,0.2727272727272727
2017-12-19,0.2777777777777778
2017-12-20,-0.1
2017-12-21,0.7333333333333333
2017-12-22,0.3333333333333333
2017-12-26,0.125
2017-12-27,-0.09090909090909091
2017-12-28,0.4444444444444444
2017-12-29,0.19047619047619047
2018-01-02,0.36363636363636365
2018-01-03,0.26666666666666666
2018-01-04,0.46153846153846156
2018-01-05,0.0
2018-01-08,0.5714285714285714
2018-01-09,0.38461538461538464
2018-01-10,-0.16666666666666666
2018-01-11,0.0
2018-01-12,0.2
2018-01-16,0.3855421686746988
2018-01-17,0.08333333333333333
2018-01-18,-0.03571428571428571
2018-01-19,0.1
2018-01-22,0.36363636363636365
2018-01-23,0.25
2018-01-24,0.125
2018-01-25,0.07692307692307693
2018-01-26,-0.2
2018-01-29,-0.05
2018-01-30,0.0
2018-01-31,0.22727272727272727
2018-02-01,0.30303030303030304
2018-02-02,-0.05
2018-02-05,0.10869565217391304
2018-02-06,0.09090909090909091
2018-02-07,0.18181818181818182
2018-02-08,0.0
2018-02-09,-0.2
2018-02-12,0.0625
2018-02-13,0.5
2018-02-14,0.2727272727272727
2018-02-15,0.21428571428571427
2018-02-16,-0.14285714285714285
2018-02-20,0.0
2018-02-21,0.06666666666666667
2018-02-22,0.058823529411764705
2018-02-23,-0.3333333333333333
2018-02-26,0.3157894736842105
2018-02-27,0.14285714285714285
2018-02-28,0.23529411764705882
2018-03-01,0.5833333333333334
2018-03-02,-0.5
2018-03-05,0.125
2018-03-06,0.16666666666666666
2018-03-07,0.0
2018-03-08,-0.06666666666666667
2018-03-09,0.0
2018-03-12,0.23529411764705882
2018-03-13,0.2222222222222222
2018-03-14,-0.21428571428571427
2018-03-15,0.07142857142857142
2018-03-16,0.2
2018-03-19,0.08108108108108109
2018-03-20,0.15
2018-03-21,-0.2222222222222222
2018-03-22,-0.16666666666666666
2018-03-23,0.0
2018-03-26,0.25
2018-03-27,-0.3076923076923077
2018-03-28,-0.07692307692307693
2018-03-29,0.0
2018-04-02,0.0
2018-04-03,-0.05263157894736842
2018-04-04,0.05
2018-04-05,0.2222222222222222
2018-04-06,-1.0
2018-04-09,0.15384615384615385
2018-04-10,0.14285714285714285
2018-04-11,0.0
2018-04-12,-0.5
2018-04-13,-0.2222222222222222
2018-04-16,0.2
2018-04-17,0.1
2018-04-18,-0.5
2018-04-19,-0.14285714285714285
2018-04-20,-0.2
2018-04-23,-0.06666666666666667
2018-04-24,0.047619047619047616
2018-04-25,0.075
2018-04-26,0.27631578947368424
2018-04-27,-0.16666666666666666
2018-04-30,0.0
2018-05-01,0.37037037037037035
2018-05-02,0.0
2018-05-03,0.125
2018-05-04,0.3076923076923077
2018-05-07,0.13114754098360656
2018-05-08,0.5714285714285714
2018-05-09,0.0
2018-05-10,0.6363636363636364
2018-05-11,0.2
2018-05-14,0.5238095238095238
2018-05-15,0.21739130434782608
2018-05-16,-0.2
2018-05-17,0.26666666666666666
2018-05-18,0.13636363636363635
2018-05-21,0.4444444444444444
2018-05-22,0.35714285714285715
2018-05-23,0.0
2018-05-24,-0.125
2018-05-25,-0.2
2018-05-29,0.5454545454545454
2018-05-30,0.29411764705882354
2018-05-31,0.3111111111111111
2018-06-01,0.3902439024390244
2018-06-04,0.42857142857142855
2018-06-05,-0.045454545454545456
2018-06-06,-0.14285714285714285
2018-06-07,0.14285714285714285
2018-06-08,-0.16666666666666666
2018-06-11,0.5084745762711864
2018-06-12,0.3333333333333333
2018-06-13,0.6666666666666666
2018-06-14,0.16666666666666666
2018-06-15,0.6666666666666666
2018-06-18,0.0
2018-06-19,0.14285714285714285
2018-06-20,0.4166666666666667
2018-06-21,0.0
2018-06-22,-0.3333333333333333
2018-06-25,0.1875
2018-06-26,0.25
2018-06-27,-0.1111111111111111
2018-06-28,0.2222222222222222
2018-06-29,0.0
2018-07-02,-0.6666666666666666
2018-07-03,0.6666666666666666
2018-07-05,0.0
2018-07-06,-0.4
2018-07-09,-0.5
2018-07-10,-0.09090909090909091
2018-07-11,0.1111111111111111
2018-07-12,0.3333333333333333
2018-07-13,0.5
2018-07-16,-0.125
2018-07-17,0.0
2018-07-18,0.75
2018-07-19,-0.5
2018-07-20,0.25
2018-07-23,1.0
2018-07-24,0.3333333333333333
2018-07-25,0.5
2018-07-26,0.16666666666666666
2018-07-27,0.3333333333333333
2018-07-30,0.0
2018-07-31,0.391304347826087
2018-08-01,0.34615384615384615
2018-08-02,-0.16666666666666666
2018-08-03,0.2727272727272727
2018-08-06,-0.125
2018-08-07,0.0
2018-08-08,0.5
2018-08-09,-0.375
2018-08-10,0.42857142857142855
2018-08-13,0.0
2018-08-14,0.375
2018-08-15,-0.1
2018-08-16,-0.16666666666666666
2018-08-17,0.4
2018-08-20,-0.1
2018-08-21,-0.125
2018-08-22,-0.14285714285714285
2018-08-23,-0.1111111111111111
2018-08-24,-0.2
2018-08-27,-0.2
2018-08-28,-0.4
2018-08-29,0.5
2018-08-30,0.3076923076923077
2018-08-31,-0.5
2018-09-04,-0.16666666666666666
2018-09-05,-0.5
2018-09-06,0.125
2018-09-07,-0.16666666666666666
2018-09-10,0.0
2018-09-11,0.0
2018-09-12,-0.09090909090909091
2018-09-13,-0.14285714285714285
2018-09-14,0.2
2018-09-17,-0.1111111111111111
2018-09-18,0.1111111111111111
2018-09-19,-0.16666666666666666
2018-09-20,0.0
2018-09-21,0.0
2018-09-24,0.2
2018-09-25,0.6666666666666666
2018-09-26,0.0
2018-09-27,0.0
2018-09-28,-0.25
2018-10-01,0.0
2018-10-02,0.25
2018-10-03,0.5
2018-10-04,0.0
2018-10-05,-0.125
2018-10-08,-0.5555555555555556
2018-10-09,-0.1
2018-10-10,0.0
2018-10-11,-0.45454545454545453
2018-10-12,-0.6666666666666666
2018-10-15,0.0
2018-10-16,0.25
2018-10-17,0.25
2018-10-18,0.14285714285714285
2018-10-19,0.0
2018-10-22,0.3333333333333333
2018-10-23,0.36363636363636365
2018-10-24,0.125
2018-10-25,0.0
2018-10-26,-0.6
2018-10-29,0.0
2018-10-30,-0.07142857142857142
2018-10-31,0.125
2018-11-01,0.25
2018-11-02,0.08
2018-11-05,0.10526315789473684
2018-11-06,-0.1
2018-11-07,0.4
2018-11-08,0.2857142857142857
2018-11-09,0.18181818181818182
2018-11-12,-0.14634146341463414
2018-11-13,-0.05405405405405406
2018-11-14,-0.12
2018-11-15,0.08333333333333333
2018-11-16,0.0
2018-11-19,-0.10344827586206896
2018-11-20,0.0
2018-11-21,0.25
2018-11-23,0.2
2018-11-26,0.5
2018-11-27,0.14634146341463414
2018-11-28,0.20689655172413793
2018-11-29,0.07692307692307693
2018-11-30,0.4
2018-12-03,0.0
2018-12-04,0.07142857142857142
2018-12-06,0.0
2018-12-07,-0.5
2018-12-10,-0.11764705882352941
2018-12-11,-0.06666666666666667
2018-12-12,0.2777777777777778
2018-12-13,0.16981132075471697
2018-12-14,0.11538461538461539
2018-12-17,-0.2727272727272727
2018-12-18,-0.5
2018-12-19,0.3
2018-12-20,-0.07142857142857142
2018-12-21,-0.1
2018-12-24,0.3684210526315789
2018-12-26,0.0
2018-12-27,0.625
2018-12-28,0.375
2018-12-31,0.3333333333333333
2019-01-02,0.16091954022988506
2019-01-03,-0.07291666666666667
2019-01-04,0.11428571428571428
2019-01-07,0.3
2019-01-08,0.32142857142857145
2019-01-09,0.14285714285714285
2019-01-10,0.3188405797101449
2019-01-11,0.25
2019-01-14,-0.15789473684210525
2019-01-15,0.3146067415730337
2019-01-16,0.19230769230769232
2019-01-17,0.29411764705882354
2019-01-18,0.2222222222222222
2019-01-22,0.21052631578947367
2019-01-23,0.17777777777777778
2019-01-24,0.11764705882352941
2019-01-25,0.5882352941176471
2019-01-28,0.11538461538461539
2019-01-29,0.0625
2019-01-30,0.13333333333333333
2019-01-31,0.09090909090909091
2019-02-01,-0.1875
2019-02-04,0.25
2019-02-05,0.5882352941176471
2019-02-06,0.4166666666666667
2019-02-07,0.0
2019-02-08,0.5
2019-02-11,0.2
2019-02-12,0.1111111111111111
2019-02-13,0.2
2019-02-14,-0.3
2019-02-15,0.6666666666666666
2019-02-19,0.5
2019-02-20,-0.125
2019-02-21,0.0
2019-02-22,1.0
2019-02-25,0.2727272727272727
2019-02-26,0.0
2019-02-27,0.3333333333333333
2019-02-28,0.5
2019-03-01,0.0
2019-03-04,0.5
2019-03-05,-0.4
2019-03-06,-0.2
2019-03-07,0.0
2019-03-08,0.0
2019-03-11,0.0
2019-03-12,0.0
2019-03-13,0.0
2019-03-14,0.18181818181818182
2019-03-15,0.25
2019-03-18,0.23076923076923078
2019-03-19,0.1111111111111111
2019-03-20,0.3333333333333333
2019-03-21,0.35714285714285715
2019-03-22,-0.125
2019-03-25,0.21052631578947367
2019-03-26,0.16666666666666666
2019-03-27,-0.21428571428571427
2019-03-28,0.14285714285714285
2019-03-29,0.5
2019-04-01,0.3333333333333333
2019-04-02,0.0
2019-04-03,0.625
2019-04-04,-0.2
2019-04-05,0.6666666666666666
2019-04-08,0.5
2019-04-09,0.0
2019-04-10,0.09090909090909091
2019-04-11,0.16666666666666666
2019-04-12,0.0
2019-04-15,0.4
2019-04-16,0.0
2019-04-17,0.1111111111111111
2019-04-18,0.0
2019-04-22,-0.3333333333333333
2019-04-23,0.3
2019-04-24,0.0
2019-04-25,0.42857142857142855
2019-04-26,-0.14285714285714285
2019-04-29,-0.05555555555555555
2019-04-30,0.3076923076923077
2019-05-01,0.0967741935483871
2019-05-02,0.2
2019-05-03,0.125
2019-05-06,-0.2
2019-05-07,0.3
2019-05-08,-0.2857142857142857
2019-05-09,0.6
2019-05-10,0.0
2019-05-13,0.047619047619047616
2019-05-14,-0.2857142857142857
2019-05-15,-0.375
2019-05-16,-0.2727272727272727
2019-05-17,0.0
2019-05-20,-0.09090909090909091
2019-05-21,0.0
2019-05-22,0.0
2019-05-23,0.0
2019-05-24,0.2
2019-05-28,0.2727272727272727
2019-05-29,-0.1
2019-05-30,0.0
2019-05-31,-0.3333333333333333
2019-06-03,-0.14285714285714285
2019-06-04,0.09090909090909091
2019-06-05,-0.08333333333333333
2019-06-06,0.4666666666666667
2019-06-07,0.4117647058823529
2019-06-10,0.2
2019-06-11,0.21428571428571427
2019-06-12,-0.16666666666666666
2019-06-13,0.0
2019-06-14,0.0
2019-06-17,0.1111111111111111
2019-06-18,0.75
2019-06-19,0.3
2019-06-20,-0.15384615384615385
2019-06-21,0.2857142857142857
2019-06-24,0.22448979591836735
2019-06-25,0.4375
2019-06-26,0.22916666666666666
2019-06-27,-0.3333333333333333
2019-06-28,0.4
2019-07-01,-0.1111111111111111
2019-07-02,0.5714285714285714
2019-07-03,0.14285714285714285
2019-07-05,0.6666666666666666
2019-07-08,0.48214285714285715
2019-07-09,0.39215686274509803
2019-07-10,0.3392857142857143
2019-07-11,0.125
2019-07-12,0.125
2019-07-15,-0.2
2019-07-16,0.25
2019-07-17,0.2459016393442623
2019-07-18,0.19047619047619047
2019-07-19,0.6
2019-07-22,-0.2
2019-07-23,0.1
2019-07-24,-0.1875
2019-07-25,0.08333333333333333
2019-07-26,0.2222222222222222
2019-07-29,0.16666666666666666
2019-07-30,0.06741573033707865
2019-07-31,0.1643835616438356
2019-08-01,0.3
2019-08-02,-0.08333333333333333
2019-08-05,-0.36363636363636365
2019-08-06,-0.42857142857142855
2019-08-07,0.5
2019-08-08,0.0
2019-08-09,-0.5
2019-08-12,0.421875
2019-08-13,0.07692307692307693
2019-08-14,-0.2
2019-08-15,0.75
2019-08-16,-0.5
2019-08-19,0.6363636363636364
2019-08-20,0.3333333333333333
2019-08-21,0.14285714285714285
2019-08-22,0.3333333333333333
2019-08-23,-0.25
2019-08-26,0.34615384615384615
2019-08-27,0.20454545454545456
2019-08-28,0.23076923076923078
2019-08-29,0.16666666666666666
2019-08-30,0.5714285714285714
2019-09-03,0.18181818181818182
2019-09-04,0.16666666666666666
2019-09-05,0.46153846153846156
2019-09-06,0.0
2019-09-09,0.38461538461538464
2019-09-10,0.4418604651162791
2019-09-11,0.0
2019-09-12,0.1
2019-09-13,0.07142857142857142
2019-09-16,0.1
2019-09-17,0.375
2019-09-18,0.16666666666666666
2019-09-19,0.35294117647058826
2019-09-20,0.4444444444444444
2019-09-23,0.15384615384615385
2019-09-24,0.18181818181818182
2019-09-25,0.3333333333333333
2019-09-26,0.5
2019-09-27,0.0
2019-09-30,0.2727272727272727
2019-10-01,0.21428571428571427
2019-10-02,0.14285714285714285
2019-10-03,0.46511627906976744
2019-10-04,0.36363636363636365
2019-10-07,-0.07692307692307693
2019-10-08,0.2222222222222222
2019-10-09,0.3333333333333333
2019-10-10,0.06666666666666667
2019-10-11,0.1
2019-10-14,-0.3333333333333333
2019-10-15,0.0
2019-10-16,-0.125
2019-10-17,0.25
2019-10-18,0.4444444444444444
2019-10-21,0.21875
2019-10-22,0.21428571428571427
2019-10-23,0.25
2019-10-24,0.4
2019-10-25,0.3333333333333333
2019-10-28,0.3157894736842105
2019-10-29,0.26666666666666666
2019-10-30,0.2631578947368421
2019-10-31,0.0
2019-11-01,0.2727272727272727
2019-11-04,0.12931034482758622
2019-11-05,0.13793103448275862
2019-11-06,-0.1111111111111111
2019-11-07,0.0
2019-11-08,0.5
2019-11-11,0.3333333333333333
2019-11-12,0.14285714285714285
2019-11-13,-0.16666666666666666
2019-11-14,0.08333333333333333
2019-11-15,-0.5714285714285714
2019-11-18,0.0
2019-11-19,0.3972602739726027
2019-11-20,0.15384615384615385
2019-11-21,0.15384615384615385
2019-11-22,0.4
2019-11-25,0.4
2019-11-26,-0.25
2019-11-27,-0.3333333333333333
2019-11-29,-0.25
2019-12-02,0.4666666666666667
2019-12-03,0.15
2019-12-04,0.3548387096774194
2019-12-05,0.47368421052631576
2019-12-06,0.7142857142857143
2019-12-09,0.0
2019-12-10,0.09090909090909091
2019-12-11,0.4444444444444444
2019-12-12,0.375
2019-12-13,0.8
2019-12-16,0.46153846153846156
2019-12-17,0.4444444444444444
2019-12-18,0.5
2019-12-19,0.3111111111111111
2019-12-20,0.4782608695652174
2019-12-23,0.1875
2019-12-24,0.2
2019-12-26,0.5555555555555556
2019-12-27,0.18181818181818182
2019-12-30,0.4444444444444444
2019-12-31,0.25
2020-01-02,0.5
2020-01-03,0.25
2020-01-06,0.15151515151515152
2020-01-07,0.08333333333333333
2020-01-08,0.2777777777777778
2020-01-09,0.13043478260869565
2020-01-10,0.4117647058823529
2020-01-13,0.3333333333333333
2020-01-14,0.07142857142857142
2020-01-15,0.35
2020-01-16,0.4666666666666667
2020-01-17,0.09090909090909091
2020-01-21,0.0967741935483871
2020-01-22,0.06666666666666667
2020-01-23,0.16666666666666666
2020-01-24,0.375
2020-01-27,0.25
2020-01-28,0.10144927536231885
2021-06-22,0.0
2021-06-23,-0.24489795918367346
2021-06-24,-0.08
2021-06-25,0.38461538461538464
2021-06-28,0.14285714285714285
2021-06-29,-0.05
2021-06-30,-0.28
2021-07-01,0.4
2021-07-02,0.47619047619047616
2021-07-07,0.25
2021-07-08,0.2
2021-07-09,0.6666666666666666
2021-07-12,0.0
2021-07-13,-0.0625
2021-07-14,-0.16666666666666666
2021-07-15,-0.4642857142857143
2021-07-16,-0.2857142857142857
2021-07-19,0.0
2021-07-20,0.0
2021-07-21,-0.5833333333333334
2021-07-22,0.2727272727272727
2021-07-23,0.2631578947368421
2021-07-26,0.2857142857142857
2021-07-27,0.0625
2021-07-28,0.35714285714285715
2021-07-29,0.038461538461538464
2021-07-30,-0.06666666666666667
2021-08-02,-0.25
2021-08-03,-0.2222222222222222
2021-08-04,0.16666666666666666
2021-08-05,-0.26666666666666666
2021-08-06,0.25
2021-08-09,-0.45
2021-08-10,-0.3333333333333333
2021-08-11,-0.08333333333333333
2021-08-12,1.0
2021-08-13,0.0
2021-08-16,-0.2857142857142857
2021-08-17,0.0
2021-08-18,-1.0
2021-08-19,-0.4090909090909091
2021-08-20,-0.28
2021-08-23,0.75
2021-08-24,0.7857142857142857
2021-08-25,0.2777777777777778
2021-08-26,-0.2857142857142857
2021-08-27,0.5909090909090909
2021-08-30,0.0
2021-08-31,0.36666666666666664
2021-09-01,0.3181818181818182
2021-09-02,0.25
2021-09-03,0.0967741935483871
2021-09-07,-0.2608695652173913
2021-09-08,-0.3888888888888889
2021-09-09,0.06060606060606061
2021-09-10,0.10416666666666667
2021-09-13,-0.08695652173913043
2021-09-14,0.18518518518518517
2021-09-15,0.2857142857142857
2021-09-16,0.05
2021-09-17,-0.125
2021-09-20,-0.3333333333333333
2021-09-21,-0.14285714285714285
2021-09-22,-0.07142857142857142
2021-09-23,-0.8181818181818182
2021-09-24,0.0
2021-09-27,-0.14705882352941177
2021-09-28,-0.15625
2021-09-29,0.125
2021-10-01,0.42857142857142855
2021-10-04,-0.3125
2021-10-05,0.2
2021-10-06,-0.2222222222222222
2021-10-07,0.18181818181818182
2021-10-08,0.5555555555555556
2021-10-11,0.0
2021-10-12,0.625
2021-10-13,0.125
2021-10-14,0.35714285714285715
2021-10-15,-0.14285714285714285
2021-10-18,0.2916666666666667
2021-10-19,0.38461538461538464
2021-10-20,0.0
2021-10-21,0.18518518518518517
2021-10-22,-0.12
2021-10-25,0.15
2021-10-26,0.1935483870967742
2021-10-27,0.16666666666666666
2021-10-28,0.25806451612903225
2021-10-29,-0.03278688524590164
2021-11-01,-0.25
2021-11-02,-0.5294117647058824
2021-11-03,-0.375
2021-11-04,-0.058823529411764705
2021-11-05,0.21428571428571427
2021-11-08,0.09523809523809523
2021-11-09,-0.16666666666666666
2021-11-10,-0.29411764705882354
2021-11-11,0.2222222222222222
2021-11-12,0.625
2021-11-15,0.2
2021-11-16,0.5384615384615384
2021-11-17,0.4230769230769231
2021-11-18,0.0
2021-11-19,-0.1111111111111111
2021-11-22,-0.125
2021-11-23,0.13333333333333333
2021-11-24,0.08695652173913043
2021-11-26,-0.5
2021-11-29,-0.15384615384615385
2021-11-30,-0.6
2021-12-01,-0.4
2021-12-02,-0.21052631578947367
2021-12-03,-0.4117647058823529
2021-12-06,-0.07692307692307693
2021-12-07,0.17647058823529413
2021-12-08,-0.07692307692307693
2021-12-09,-0.3
2021-12-10,0.4
2021-12-13,0.20689655172413793
2021-12-14,-0.13636363636363635
2021-12-15,0.2413793103448276
2021-12-16,-0.2916666666666667
2021-12-17,-0.5555555555555556
2021-12-20,-0.4444444444444444
2021-12-21,0.36
2021-12-22,-0.5
2021-12-23,0.0
2021-12-27,0.42857142857142855
2021-12-28,0.058823529411764705
2021-12-29,-0.25
2021-12-30,-0.7142857142857143
2021-12-31,-1.0
2022-01-03,0.10714285714285714
2022-01-04,0.4
2022-01-05,0.0
2022-01-06,-0.3157894736842105
2022-01-07,0.17647058823529413
2022-01-10,0.3
2022-01-11,0.0625
2022-01-12,0.2777777777777778
2022-01-13,0.5555555555555556
2022-01-14,-0.5
2022-01-18,-0.18181818181818182
2022-01-19,0.10526315789473684
2022-01-20,0.0
2022-01-21,0.0
2022-01-24,-0.46153846153846156
2022-01-25,0.0
2022-01-26,0.782608695652174
2022-01-27,0.24324324324324326
2022-01-28,0.03225806451612903
2022-01-31,-0.25
2022-02-01,0.4444444444444444
2022-02-02,0.0
2022-02-03,0.3137254901960784
2022-02-04,0.13043478260869565
2022-02-07,-0.29411764705882354
2022-02-08,0.3333333333333333
2022-02-09,0.4375
2022-02-10,0.2
2022-02-11,-0.6363636363636364
2022-02-14,-0.15789473684210525
2022-02-15,0.1111111111111111
2022-02-16,-0.2608695652173913
2022-02-17,0.08333333333333333
2022-02-18,-0.6666666666666666
2022-02-22,0.16666666666666666
2022-02-23,-0.14285714285714285
2022-02-24,-0.25
2022-02-25,-0.15384615384615385
2022-02-28,-0.3333333333333333
2022-03-01,-0.2777777777777778
2022-03-02,-0.21052631578947367
2022-03-03,-0.5
2022-03-04,-0.4074074074074074
2022-03-07,-0.07142857142857142
2022-03-08,0.07142857142857142
2022-03-09,0.18181818181818182
2022-03-10,0.05555555555555555
2022-03-11,-0.5833333333333334
2022-03-14,0.22727272727272727
2022-03-15,0.045454545454545456
2022-03-16,0.038461538461538464
2022-03-17,-0.4
2022-03-18,0.5714285714285714
2022-03-21,-0.25
2022-03-22,0.8666666666666667
2022-03-23,0.2
2022-03-24,-0.038461538461538464
2022-03-25,0.0
2022-03-28,0.2857142857142857
2022-03-29,0.5714285714285714
2022-03-30,0.0
2022-03-31,0.14285714285714285
2022-04-01,0.0
2022-04-04,0.625
2022-04-05,-0.5384615384615384
2022-04-06,0.0
2022-04-07,-0.2
2022-04-08,-0.13333333333333333
2022-04-11,0.25
2022-04-12,0.2727272727272727
2022-04-13,-0.3076923076923077
2022-04-14,0.375
2022-04-18,0.0
2022-04-19,0.08333333333333333
2022-04-20,0.125
2022-04-21,-0.1111111111111111
2022-04-22,-0.08695652173913043
2022-04-25,-0.034482758620689655
2022-04-26,-0.6
2022-04-27,-0.07407407407407407
2022-04-28,0.10714285714285714
2022-04-29,-0.05263157894736842
2022-05-02,0.38095238095238093
2022-05-03,-0.3333333333333333
2022-05-04,-0.2857142857142857
2022-05-05,-0.3333333333333333
2022-05-06,-0.1111111111111111
2022-05-09,0.7142857142857143
2022-05-10,-0.5
2022-05-11,0.13333333333333333
2022-05-12,-0.26666666666666666
2022-05-13,0.16666666666666666
2022-05-16,-0.36363636363636365
2022-05-17,0.21428571428571427
2022-05-18,0.21052631578947367
2022-05-19,-0.375
2022-05-20,-0.11764705882352941
2022-05-23,0.5833333333333334
2022-05-24,0.25
2022-05-25,-0.6666666666666666
2022-05-26,0.0
2022-05-27,-0.3333333333333333
2022-05-31,0.5
2022-06-01,0.5
2022-06-02,0.09090909090909091
2022-06-03,0.6153846153846154
2022-06-06,0.35
2022-06-07,0.1111111111111111
2022-06-08,-0.18181818181818182
2022-06-09,0.6363636363636364
2022-06-10,0.0
2022-06-13,-0.47368421052631576
2022-06-14,0.46153846153846156
2022-06-15,0.0
2022-06-16,-0.8333333333333334
2022-06-17,0.058823529411764705
2022-06-21,0.6
2022-06-22,0.0
